<ImportExportXml version="9.0.0000.3292" SolutionPackageVersion="9.0" languagecode="1033" generatedBy="CrmLive" xmlns:xsi="http://www.w3.org/2001/XMLSchema-instance">
  <SolutionManifest>
    <UniqueName>Customizations</UniqueName>
    <LocalizedNames>
      <LocalizedName description="Customizations" languagecode="1033" />
    </LocalizedNames>
    <Descriptions />
    <Version>1.0.0.29</Version>
    <Managed>0</Managed>
    <Publisher>
      <UniqueName>ultrapublisher</UniqueName>
      <LocalizedNames>
        <LocalizedName description="Ultra Publisher" languagecode="1033" />
      </LocalizedNames>
      <Descriptions />
      <EMailAddress xsi:nil="true"></EMailAddress>
      <SupportingWebsiteUrl xsi:nil="true"></SupportingWebsiteUrl>
      <CustomizationPrefix>ultra</CustomizationPrefix>
      <CustomizationOptionValuePrefix>36604</CustomizationOptionValuePrefix>
      <Addresses>
        <Address>
          <AddressNumber>1</AddressNumber>
          <AddressTypeCode>1</AddressTypeCode>
          <City xsi:nil="true"></City>
          <County xsi:nil="true"></County>
          <Country xsi:nil="true"></Country>
          <Fax xsi:nil="true"></Fax>
          <FreightTermsCode xsi:nil="true"></FreightTermsCode>
          <ImportSequenceNumber xsi:nil="true"></ImportSequenceNumber>
          <Latitude xsi:nil="true"></Latitude>
          <Line1 xsi:nil="true"></Line1>
          <Line2 xsi:nil="true"></Line2>
          <Line3 xsi:nil="true"></Line3>
          <Longitude xsi:nil="true"></Longitude>
          <Name xsi:nil="true"></Name>
          <PostalCode xsi:nil="true"></PostalCode>
          <PostOfficeBox xsi:nil="true"></PostOfficeBox>
          <PrimaryContactName xsi:nil="true"></PrimaryContactName>
          <ShippingMethodCode>1</ShippingMethodCode>
          <StateOrProvince xsi:nil="true"></StateOrProvince>
          <Telephone1 xsi:nil="true"></Telephone1>
          <Telephone2 xsi:nil="true"></Telephone2>
          <Telephone3 xsi:nil="true"></Telephone3>
          <TimeZoneRuleVersionNumber xsi:nil="true"></TimeZoneRuleVersionNumber>
          <UPSZone xsi:nil="true"></UPSZone>
          <UTCOffset xsi:nil="true"></UTCOffset>
          <UTCConversionTimeZoneCode xsi:nil="true"></UTCConversionTimeZoneCode>
        </Address>
        <Address>
          <AddressNumber>2</AddressNumber>
          <AddressTypeCode>1</AddressTypeCode>
          <City xsi:nil="true"></City>
          <County xsi:nil="true"></County>
          <Country xsi:nil="true"></Country>
          <Fax xsi:nil="true"></Fax>
          <FreightTermsCode xsi:nil="true"></FreightTermsCode>
          <ImportSequenceNumber xsi:nil="true"></ImportSequenceNumber>
          <Latitude xsi:nil="true"></Latitude>
          <Line1 xsi:nil="true"></Line1>
          <Line2 xsi:nil="true"></Line2>
          <Line3 xsi:nil="true"></Line3>
          <Longitude xsi:nil="true"></Longitude>
          <Name xsi:nil="true"></Name>
          <PostalCode xsi:nil="true"></PostalCode>
          <PostOfficeBox xsi:nil="true"></PostOfficeBox>
          <PrimaryContactName xsi:nil="true"></PrimaryContactName>
          <ShippingMethodCode>1</ShippingMethodCode>
          <StateOrProvince xsi:nil="true"></StateOrProvince>
          <Telephone1 xsi:nil="true"></Telephone1>
          <Telephone2 xsi:nil="true"></Telephone2>
          <Telephone3 xsi:nil="true"></Telephone3>
          <TimeZoneRuleVersionNumber xsi:nil="true"></TimeZoneRuleVersionNumber>
          <UPSZone xsi:nil="true"></UPSZone>
          <UTCOffset xsi:nil="true"></UTCOffset>
          <UTCConversionTimeZoneCode xsi:nil="true"></UTCConversionTimeZoneCode>
        </Address>
      </Addresses>
    </Publisher>
    <RootComponents>
      <RootComponent type="1" schemaName="phonecall" behavior="1" />
      <RootComponent type="1" schemaName="ultra_phonecallhistory" behavior="0" />
      <RootComponent type="1" schemaName="ultra_systemparameter" behavior="0" />
      <RootComponent type="60" id="{29cbbad3-3f0e-4ed3-8736-69c26297bf6d}" behavior="0" />
      <RootComponent type="60" id="{89608a9c-97d4-4085-b368-951b7e1b4801}" behavior="0" />
      <RootComponent type="61" schemaName="ultra_/css/bootstrap.min.css" behavior="0" />
      <RootComponent type="61" schemaName="ultra_/index.html" behavior="0" />
      <RootComponent type="61" schemaName="ultra_/js/bootstrap.min.js" behavior="0" />
      <RootComponent type="61" schemaName="ultra_/js/bundle.js" behavior="0" />
      <RootComponent type="61" schemaName="ultra_/js/jquery.1.12.4.js" behavior="0" />
      <RootComponent type="91" id="{38d780e9-a4e4-47b6-a5a8-7b17c2c842c4}" schemaName="D365Saturday.CodeActivities, Version=1.0.0.0, Culture=neutral, PublicKeyToken=bb88456404b1d9c6" behavior="0" />
      <RootComponent type="91" id="{f9a7df45-cde1-471d-ad67-2e5f8aa1c6ee}" schemaName="D365Saturday.Plugins, Version=1.0.0.0, Culture=neutral, PublicKeyToken=21620154a98dce62" behavior="0" />
      <RootComponent type="92" id="{5306a71f-70fd-e711-a85b-00224800492f}" behavior="0" />
    </RootComponents>
    <MissingDependencies />
  </SolutionManifest>
</ImportExportXml>